ID,Transaction Hash,Client ID,Client Name,Type,Status,Network,Crypto,Amount,Remark,Request Timestamp,Last Updated Time
2601301835200331115,0xd6f61591b04790668a08ae79c6d2a6b682b1de26b3c1af6c24577f291787d96b,260108110050481,null guan+001,Deposit,Completed,Ethereum,USDC,5.0,,2026-01-30 18:35:20.288,2026-01-30 18:40:12.649
2601301753250331100,4d08e685a19706c3799dd65c217f335d9fd2d94ceec541d4508b57fb44012345,260129140059847,chuah tiong guan,Deposit,Risk Withheld,BSC,USDC,40.0,,2026-01-30 17:53:25.566,2026-01-30 17:53:27.506
2601301538220331085,0x18bd12901aa934fdd874ab6d1e0dca3c9a2cdb302adf802a9a16d16532d4b9b5,85250527100000638,Simulation Business Company Inc.,Satoshi Test,Risk Withheld,Ethereum,USDC,1.23,,2026-01-30 15:35:24.706,2026-01-30 15:38:22.762
2601301535240331057,,85250527100000638,Simulation Business Company Inc.,Satoshi Test,Authorized,Ethereum,USDC,1.23,,2026-01-30 15:35:24.706,2026-01-30 15:38:20.339
2601301534250331020,,85250527100000638,Simulation Business Company Inc.,Satoshi Test,Authorized,Ethereum,USDC,2.82,,2026-01-30 15:34:25.748,2026-01-30 15:34:25.780
2601301501190331017,0x782274039f331971fbfbe043c0652a7dd75f6c3a306f4f38141f8896f0d671ee,260129140059847,chuah tiong guan,Deposit,Risk Withheld,Ethereum,USDC,5.0,,2026-01-30 15:01:19.840,2026-01-30 15:01:56.489
2601301446220330988,0x64449ce272fe564fd99205fa0f85a7f935887f12bbdcacd51c00d4a6b4ca44cc,260129140059847,chuah tiong guan,Deposit,Risk Withheld,Ethereum,USDC,5.0,,2026-01-30 14:46:22.132,2026-01-30 15:01:56.840
2601291633460330968,0x1e276de45825bce67a536ac0d2ec6647db82446f570c96b565aa5353099e6c9a,260129160059959,tiongguanbrazil,Satoshi Test,Completed,Ethereum,USDC,9.57,,2026-01-29 16:30:03.000,2026-01-29 16:33:46.371
2601291441320330947,,85251024110001951,Company Soy Bean,Withdraw,Authorized,Ethereum,USDT,8.64,,2026-01-29 14:41:31.974,2026-01-29 14:41:33.582
2601281007590330925,,8522120036,MIR test,Withdraw,Authorized,Ethereum,USDT,10.0,,2026-01-28 10:07:59.273,2026-01-28 10:08:00.991
2601261804190330901,,85251105090002338,Lillian,Transfer In,Completed,,USDT,11.0,,2026-01-26 18:04:19.083,2026-01-26 18:04:19.931
2601261804180330894,,8522120036,MIR test,Transfer Out,Completed,,USDT,11.0,,2026-01-26 18:04:18.000,2026-01-26 18:04:20.137
2601261429200330885,0x66e6dbeea1e5f47aa5220855c5fd97ce47801ffd72dc775d402eece8b0ef6381,260120140058909,j c,Deposit,Risk Withheld,Ethereum,USDC,2.0,,2026-01-26 14:29:20.302,2026-01-26 14:29:20.358
2601261425350330875,0x2acfd1dd0453af76698b567188abe8dd772f6570ba5d64bfca14368a5d8624d3,260120140058909,j c,Deposit,Risk Withheld,Ethereum,ETH,0.1,,2026-01-26 14:25:35.850,2026-01-26 14:25:35.926
2601230934180330848,0xf7c808c9e2896f6f49e25e2ccb170eba1517605bc150319801b92d7f7347359e,260108110050509,Lili Chong,Withdraw,Completed,Ethereum,USDC,8.0,,2026-01-23 09:34:18.000,2026-01-23 09:36:55.960
2601221503210330836,0x9c4b1fb16d2e0302f06d79a1e2612963c5a41a4223205a9e6524d4751b297853,260108110050509,Lili Chong,Deposit,Completed,Ethereum,USDC,1.0,,2026-01-22 15:03:21.000,2026-01-22 15:03:27.891
2601221146110330825,0x5a253af7d5165d585d612ea21a32eb4295acdadafded30a8714a8edae963843d,260108110050509,Lili Chong,Withdraw,Completed,Ethereum,USDC,6.0,,2026-01-22 11:46:11.000,2026-01-22 11:49:07.474
2601210901220330801,0x23cd075d845c9999bb46039d6d8f05d81b8e574427f9530d7ae3d594b649f526,260108140050581,JIN CONAN,Deposit,Completed,Ethereum,USDC,0.11,,2026-01-21 09:01:22.000,2026-01-21 09:01:28.041
2601201800220330779,0x96cd718fd46239b5e4f1f412880629e61c5f818d9e806aefa22832551f6d290e,260108140050581,JIN CONAN,Deposit,Completed,Ethereum,USDC,0.12,,2026-01-20 18:00:22.000,2026-01-20 18:00:26.613
2601201752120330754,0x74ed4002b0c0c14a288ef8831142016828058ff50f0872dd5fe6e5c26f1a60e3,260114150052504,KNG KNG 1115,Satoshi Test,Completed,Ethereum,USDC,2.69,,2026-01-20 17:52:12.682,2026-01-20 17:54:59.508
2601201730560330748,0x43b8016a2e2c9bda1fd61f5abef9f66e5e251cef9804831b597041e732f4c123,260114150052504,KNG KNG 1115,Deposit,Completed,Ethereum,USDC,2.94,,2026-01-20 17:30:56.000,2026-01-21 10:30:54.701
2601201727580330718,,260114150052504,KNG KNG 1115,Satoshi Test,Authorized,Ethereum,USDC,2.94,,2026-01-20 17:27:58.199,2026-01-20 17:27:58.244
2601201727080330691,0x1f7a6c439f20d0739befed93537015f54c5f51f3a00aa5713c80f3782cb35486,260115170054463,chuah tiong guanusd,Withdraw,Completed,Ethereum,USDC,10.0,,2026-01-20 17:27:08.000,2026-01-20 17:29:53.397
2601201727010330674,,260114150052504,KNG KNG 1115,Satoshi Test,Authorized,Ethereum,USDT,3.16,,2026-01-20 17:27:01.881,2026-01-20 17:27:01.934
2601201725010330664,,260115170054463,chuah tiong guanusd,Withdraw,Closed,Ethereum,USDC,20.0,,2026-01-20 17:25:01.000,2026-01-20 17:30:01.970
2601201723490330634,,260115170054463,chuah tiong guanusd,Withdraw,Closed,Ethereum,USDC,21.0,,2026-01-20 17:23:49.000,2026-01-20 17:24:20.419
2601201719290330608,,260114150052504,KNG KNG 1115,Satoshi Test,Authorized,Ethereum,USDC,9.72,,2026-01-20 17:19:29.560,2026-01-20 17:19:29.602
2601201701400330575,,260115170054463,chuah tiong guanusd,Withdraw,Closed,Ethereum,USDC,25.0,,2026-01-20 17:01:40.000,2026-01-20 17:02:07.239
2601201700380330562,,260115170054463,chuah tiong guanusd,Withdraw,Closed,Ethereum,USDC,30.0,,2026-01-20 17:00:38.000,2026-01-20 17:01:10.617
2601201655170330533,0x4a602345bbf7fc17ae8f87fa28076a1a4ba566cc1bb001a79825ff5a9dcd215d,85260119090003203,tgchuah,Withdraw,Completed,Ethereum,USDC,20.0,,2026-01-20 16:55:17.000,2026-01-20 16:57:58.831
2601201650320330518,0xacd65c78adab8d8931ae6aa28f03ff89287abb54922118c27dff49b92a9a1b0e,85260119090003203,tgchuah,Withdraw,Completed,Ethereum,USDC,11.0,,2026-01-20 16:50:32.000,2026-01-20 16:53:08.007
2601201648470330486,,85260119090003203,tgchuah,Withdraw,Closed,Ethereum,USDC,50.0,,2026-01-20 16:48:46.000,2026-01-20 16:49:49.273
2601201643000330459,0x6e6c1527186d26d30da8381572fd38f6a697b5a823c5a2e7bf7d14a3ccdb941e,85260119090003203,tgchuah,Withdraw,Completed,Ethereum,USDC,9.0,,2026-01-20 16:43:00.000,2026-01-20 16:45:49.121
2601201641100330434,0x5f16d5be97ac4da9a4f8d3d121ca85ca9a0feff526ff1d9200a22262d1a2eddf,85260119090003203,tgchuah,Deposit,Completed,Ethereum,USDC,1.0,,2026-01-20 16:41:10.000,2026-01-20 16:41:14.144
2601201631590330417,0x6474426a3ac689023981d36bc1fd335738e32d85d52474ddf58b7cb57b4d37f9,85260119090003203,tgchuah,Withdraw,Completed,Ethereum,USDC,6.0,,2026-01-20 16:31:59.000,2026-01-20 16:34:45.313
2601201627160330398,0x8c9268e63d2f1b64b2748cb4b470e7417209aebb5b4d506888336d848ecfd598,85260119090003203,tgchuah,Satoshi Test,Completed,Ethereum,USDC,2.41,,2026-01-20 16:27:16.254,2026-01-20 16:30:55.212
2601201539570330365,0x133ed25077c769c2d54a1498b8a5d341e5e24a68a607e53118e9629f830e4bdc,85250625100001037,YH Company,Deposit,Completed,Ethereum,USDC,1.0,,2026-01-20 15:39:57.000,2026-01-20 15:40:05.941
2601201436040330343,,85250625100001037,YH Company,Withdraw,Authorized,Ethereum,USDC,78.0,,2026-01-20 14:36:04.425,2026-01-20 14:36:06.033
2601201421060330323,0x73d8e7379fadd539e77997186b50551846a2b8b675aa2466d2ffa1782809689f,260108110050481,null guan+001,Withdraw,Completed,Ethereum,USDC,8.0,,2026-01-20 14:21:06.000,2026-01-20 14:23:41.720
2601201416070330318,0xbfb955e590c11243b942de9d3c960366158e76d32a3b425e60e4bb30e7349500,260108110050481,null guan+001,Deposit,Completed,Ethereum,USDC,2.0,,2026-01-20 14:16:07.000,2026-01-20 14:16:11.011
2601201406330330285,0xdc4dae6dcb8fce5f84dff630b9c0d0a5bc99e46de3c34733692308738cd09b5d,251112140035791,MYS Test,Deposit,Completed,Ethereum,USDC,1.6,,2026-01-20 14:06:33.000,2026-01-20 14:06:39.337
2601201254120330266,0x142bf6fa356f4c5d8e33d4c240115e9b7009ab617d28f97d9da8612f278dac53,251118180038184,Lucas Wong,Deposit,Completed,Ethereum,USDC,0.06,,2026-01-20 12:54:12.000,2026-01-20 12:54:17.818
2601201246430330256,0x486b408591178e13efdfdb99dd54f2da8180fb197d6a01abc6766b41533bb769,251118180038184,Lucas Wong,Deposit,Completed,Ethereum,USDC,0.12,,2026-01-20 12:46:43.000,2026-01-20 12:46:48.726
2601201243220330243,0x370e75452f779ed3d59f48e20a634cc8aff14c1cde08e8f1a7d2b3e5dc11ec87,251118180038184,Lucas Wong,Deposit,Completed,Ethereum,USDC,0.08,,2026-01-20 12:43:22.000,2026-01-20 12:43:30.264
2601201209490330236,,251112140035791,MYS Test,Withdraw,Authorized,Ethereum,USDC,1005.0,,2026-01-20 12:09:49.200,2026-01-20 12:09:52.826
2601201205110330201,0x7cf4a2a5f45838e9d798a3e1d4bedb63b2f76630af6cd09431def97f809c8a7c,260108110050481,null guan+001,Deposit,Completed,Ethereum,USDC,6.08,,2026-01-20 12:05:11.000,2026-01-20 12:05:12.536
2601201204320330180,0x2ef0da38767012fbee5a059e632aac987ac7acf36b7b2e540a2ce4be00d81412,251112140035791,MYS Test,Withdraw,Completed,Ethereum,USDC,6.5,,2026-01-20 12:04:32.000,2026-01-20 12:07:07.205
2601201149130330157,,85260116100003122,tiongguan,Withdraw,Closed,Ethereum,USDC,1004.51,,2026-01-20 11:49:13.000,2026-01-20 15:54:24.270
2601201103530330133,0xca8607ae49e24906c90331ab19782b10c813121bf7f9d216453700552df13433,251118180038184,Lucas Wong,Deposit,Completed,Ethereum,USDC,0.04,,2026-01-20 11:03:53.000,2026-01-20 11:03:57.310
2601201100100330104,0xd086f3e11e26c1e81e598ff8a59202e9645684a5c47af8e5db5b8fc864091108,251118180038184,Lucas Wong,Deposit,Completed,Ethereum,USDC,0.02,,2026-01-20 11:00:10.000,2026-01-20 11:00:11.634
2601201054070330074,,85260116100003122,tiongguan,Transfer In,Completed,,USDC,9.51,,2026-01-20 10:54:07.071,2026-01-20 10:54:08.431
2601201054050330040,,85260119090003203,tgchuah,Transfer Out,Completed,,USDC,9.51,,2026-01-20 10:54:05.000,2026-01-20 10:54:08.763
2601201051080330015,0x7a77af63ffd22fd460ba2064a71704da15aade6acdcf6541bd051d077445cda7,251118180038184,Lucas Wong,Deposit,Completed,Ethereum,USDC,0.03,,2026-01-20 10:51:08.000,2026-01-20 10:51:10.370
2601201039470330002,0x2d2f78b87a24e4905ab130e89d18abfd774e5bd7844f1933cf1d5df396f570a2,251118180038184,Lucas Wong,Deposit,Completed,Ethereum,USDC,0.05,,2026-01-20 10:39:47.000,2026-01-20 10:39:49.772
2601201011230329996,0x92bc2f0f7cce0a810e22a3e8e14a97303cc049957f1d02d80280332fb10f58a6,251112140035791,MYS Test,Deposit,Completed,Ethereum,USDC,2.0,,2026-01-20 10:11:23.871,2026-01-20 10:21:52.669
2601201009470329982,0x39f04924e7416945f04534f8b3913c6216ea1e0da5f793419a549f1b1300fa5c,85260119090003203,tgchuah,Satoshi Test,Completed,Ethereum,USDC,9.51,,2026-01-20 10:09:47.167,2026-01-20 10:13:47.916
2601201005500329964,,85260119090003203,tgchuah,Satoshi Test,Authorized,Ethereum,USDC,1.99,,2026-01-20 10:05:50.185,2026-01-20 10:05:50.241
2601200958370329954,0xd64599d4750d32b884648046b9153fc6aa2d3f458b6d99db2122f68b34b1ed62,251112140035791,MYS Test,Deposit,Completed,Ethereum,USDC,1.5,,2026-01-20 09:58:37.000,2026-01-20 09:58:39.703
2601200947060329922,0x9846e284ae4fc8449ea5c845453705a9b899d1ea4f4332e4a36418f5c55ac29f,251104090031797,test,Withdraw,Completed,Ethereum,USDC,10.0,,2026-01-20 09:47:06.000,2026-01-20 09:49:46.751
2601200849320329901,0x172e3ec0df4ffe9b523c8ce4cc0d9995f29270271b0b57a415f9985b14247f76,251112140035791,MYS Test,Withdraw,Completed,Ethereum,USDC,6.5,,2026-01-20 08:49:32.000,2026-01-20 08:52:09.314
2601191847430329886,0xb59bb5c63c686ba8f89020a5ed2c4ad7a14ff6a7b613102a9a18bea121237c32,251021150028278,yt test 080,Deposit,Completed,Ethereum,USDC,0.02,,2026-01-19 18:47:43.000,2026-01-19 18:47:44.826
2601191843300329874,0x88af1d4bf0fa02ecb90b18d33aa211ebbb7c05630b071ecc92c91b9c49789b8b,251021150028278,yt test 080,Deposit,Completed,Ethereum,USDC,0.05,,2026-01-19 18:43:30.000,2026-01-19 18:43:31.770
2601191838090329856,0x192554f128a73be6576cd885b7a1a6d2eb90d8d410557349e998ed37fd1fecf1,251021150028278,yt test 080,Deposit,Completed,Ethereum,USDC,0.16,,2026-01-19 18:38:09.000,2026-01-19 18:38:11.006
2601191807530329837,0xd2976f69c8e812eac29358f018ee5cf3a817d3880337436482497cf99ac5fc28,251021150028278,yt test 080,Deposit,Completed,Ethereum,USDC,0.13,,2026-01-19 18:07:53.000,2026-01-19 18:07:55.357
2601191802160329820,0xfe5d54704cf0dadd6e6740730306661db4f68f1f2ee501014ae0f17f81e999f3,251021150028278,yt test 080,Deposit,Completed,Ethereum,USDC,0.12,,2026-01-19 18:02:16.000,2026-01-19 18:02:21.363
2601191758460329799,0x6fecb2e1f838b2fca76c9b920dc9edb2fb899d5645d9191da57f5e4ee7bff7fb,251021150028278,yt test 080,Deposit,Completed,Ethereum,USDC,0.15,,2026-01-19 17:58:46.000,2026-01-19 17:58:48.011
2601191753050329778,0x71ca31fa45882b7dcd2c93dfcf399c7a51b4fef12d49e5b47b78e19f57f25383,251112140035791,MYS Test,Withdraw,Completed,Ethereum,USDC,6.2,,2026-01-19 17:53:05.000,2026-01-19 17:55:41.737
2601191751210329758,0x42e041d12d9a6d725b6439b69fd5e77cc92b20e7ed3c771dd383879c7cea028b,251021150028278,yt test 080,Deposit,Completed,Ethereum,USDC,0.25,,2026-01-19 17:51:21.000,2026-01-19 17:51:33.204
2601191747120329736,0x39788692ece26dbfb60c6851eec4842a2c6efe2863ac83b195bdc26320c4803a,251021150028278,yt test 080,Deposit,Completed,Ethereum,USDC,0.22,,2026-01-19 17:47:12.000,2026-01-19 17:47:14.132
2601191742370329715,0x8cba8a430ed0682a63251157263b84b363d344d2fcbd328f4338ce08938b4ac4,251021150028278,yt test 080,Deposit,Completed,Ethereum,USDC,0.3,,2026-01-19 17:42:37.000,2026-01-19 17:42:40.393
2601191740310329695,,8522120035,limit01,Satoshi Test,Authorized,Ethereum,USDC,2.45,,2026-01-19 17:40:31.259,2026-01-19 17:40:31.303
2601191722380329672,0x53ae29e61b25495b044755954881cb19f1dc272531842a9b02b98368e2a645a9,251113160036681,MLS ANG TEST,Deposit,Risk Withheld,Ethereum,USDC,1.5,,2026-01-19 17:22:38.406,2026-01-19 17:22:38.447
2601191716090329654,0x3d59a34899f2998fc87ecb9f4976e6d40633ae78608045fcea8c70239a1edb22,251113160036681,MLS ANG TEST,Deposit,Completed,Ethereum,USDC,1.5,,2026-01-19 17:16:09.000,2026-01-19 17:16:11.107
2601191707440329627,0x1a9272173f580f285a83f9b8780741ab2f7948b6e75d34c879b98bd26d27d5a7,251113160036681,MLS ANG TEST,Satoshi Test,Completed,Ethereum,USDC,8.04,,2026-01-19 17:04:40.000,2026-01-19 17:07:44.454
2601191642330329611,0xbc2f819959008077e8a428068cc2c2c8eca464cecb41acccdb600128b19c2ddd,251021150028278,yt test 080,Deposit,Completed,Ethereum,USDC,0.42,,2026-01-19 16:42:32.000,2026-01-19 16:42:34.770
2601191626560329604,0xa8fc85b6214d5959cee73f34b40b3e0e3fd2df23bca08464d88c40bdaba0089e,251021150028278,yt test 080,Deposit,Completed,Ethereum,USDC,0.5,,2026-01-19 16:26:56.000,2026-01-19 16:26:57.675
2601191615060329581,0xd17937c84fcb655d9315610fdeefb3add35b5e763965a6e4ab379b498d8b89c2,260108110050481,null guan+001,Deposit,Completed,Ethereum,USDC,1.1,,2026-01-19 16:15:06.000,2026-01-19 16:15:08.003
2601191612360329560,0x6c35e4da1338d9bdae9cd533367770023e2b132a6a2946d613d4c704638b0f65,251021150028278,yt test 080,Deposit,Completed,Ethereum,USDC,0.38,,2026-01-19 16:12:36.000,2026-01-19 16:12:38.391
2601191551520329548,,8522120035,limit01,Satoshi Test,Authorized,Ethereum,USDC,1.05,,2026-01-19 15:51:52.818,2026-01-19 15:51:52.895
2601191512100329530,0x35045e8676b18e1fa4c69149120893ad19e62640c0f1ae5574e7409daa68b585,1712719194095,W A10,Withdraw,Completed,Ethereum,USDC,6.0,,2026-01-19 15:12:10.000,2026-01-19 15:14:48.284
2601191509530329511,0xbf750d02218d82ecdac4c52d7415b58efc08a76e0458722d521c70d4caa959e2,250617110009953,Test Bravo,Deposit,Completed,Ethereum,USDC,0.3,,2026-01-19 15:09:53.000,2026-01-19 15:09:55.542
2601191448390329489,0x9715e0f7715cb730dc27b988acb249e6937d8e654468b8fb8b0a10cf384527ce,250625010011354,test06277777,Withdraw,Completed,Ethereum,USDC,5.1,,2026-01-19 14:48:39.000,2026-01-19 14:51:34.600
2601191436420329457,0x2dd7dae0eacfe88eccc4b5aa5aa4005dc5db326356482fb17e852e8b2c3424c7,250617110009953,Test Bravo,Deposit,Completed,Ethereum,USDC,0.18,,2026-01-19 14:36:42.000,2026-01-19 14:36:43.783
2601191436220329433,0x2def16d7e77bba93d3bd3dc7b9164492c9021f2f6ef284c93249ab5fef957c7d,260108140050581,JIN CONAN,Deposit,Completed,Ethereum,USDC,0.01,,2026-01-19 14:36:22.000,2026-01-19 14:36:24.342
2601191414210329428,0xe611312fb5550197537c06d7d2836af95a74d3a5805788fd1d4408477a51f6a8,260108110050481,null guan+001,Deposit,Completed,Ethereum,USDC,5.3,,2026-01-19 14:14:21.000,2026-01-19 14:14:22.706
2601191405580329414,0xdefcae430bcb3632e7f5f76d975f019480f077ba4654e68838c2cf3f6a8cc651,260108110050481,null guan+001,Deposit,Completed,Ethereum,USDC,10.0,,2026-01-19 14:05:58.000,2026-01-19 14:06:00.368
2601191141300329390,0xaf5f234a30d81e99eb9dbe1dfb0c9040ef3dac31286fa6ce9a4bd9108ac9c815,251021150028278,yt test 080,Deposit,Completed,Ethereum,USDC,0.25,,2026-01-19 11:41:30.000,2026-01-19 11:41:32.682
2601191032550329379,,260102110048774,KC9034 F,Withdraw,Authorized,Ethereum,USDC,15.0,,2026-01-19 10:32:55.884,2026-01-19 10:32:57.343
2601190947230329365,0xb163a0e85a7d228217519e4ae7eb42fac2f2189c3cd0416a277bb104f61eaf39,251021150028278,yt test 080,Deposit,Completed,Ethereum,USDC,0.25,,2026-01-19 09:47:23.000,2026-01-19 09:47:24.885
2601181745300329337,0x415dfe9a57b96a537f04313adc1970880ea77bfcbebc4c36306fc2beb2cb84a4,251021150028278,yt test 080,Deposit,Completed,Ethereum,USDC,0.5,,2026-01-18 17:45:30.000,2026-01-18 17:45:32.083
2601181740240329308,0x54bdda1186938f462b35a519620a742fe1bb8804659a791fefb253ced38a9935,251021150028278,yt test 080,Deposit,Completed,Ethereum,USDC,1.0,,2026-01-18 17:40:24.000,2026-01-18 17:40:25.692
2601181703080329294,0x1510f04d221bc68ca231168430b1c904aaef19cc18ffdba1625e1ff0454fbcb0,251021150028278,yt test 080,Deposit,Completed,Ethereum,USDC,0.02,,2026-01-18 17:03:08.000,2026-01-18 17:03:09.826
2601181657290329275,0xf7452200775440c2574e26e72605d2b83eeecc82415354741a4eb965909782d1,251021150028278,yt test 080,Deposit,Completed,Ethereum,USDC,0.05,,2026-01-18 16:57:29.000,2026-01-18 16:57:31.762
2601172307050329241,0x32eeaf781906fe9d905c0ce7e1a9e686802fffa0108e75d01c4ff83f838fbbdb,260108140050581,JIN CONAN,Deposit,Completed,Ethereum,USDC,0.01,,2026-01-17 23:07:05.000,2026-01-17 23:07:06.576
2601171257570329233,0xf2806504c42cdeed93878fff1a7be1abd4080397395b170a8a98407cfb79a483,260108140050581,JIN CONAN,Deposit,Completed,Ethereum,USDC,0.1,,2026-01-17 12:57:57.000,2026-01-17 12:57:59.379
2601170828440329210,0x60b9fc003b2c7fb6454d5f1b4a0d29fd42e50a2763569861f17f1b28128f95ca,260108140050581,JIN CONAN,Deposit,Completed,Ethereum,USDC,0.1,,2026-01-17 08:28:44.000,2026-01-17 08:28:46.024
2601162052200329189,0x97b43879a8028053088341dce695920d483c62b172b2d9243b51bc8ec65ec304,251021150028278,yt test 080,Deposit,Completed,Ethereum,USDC,0.5,,2026-01-16 20:52:20.000,2026-01-16 20:52:21.951
2601161718340329153,0x6df02db120b40b78dccd53046e56aeda72373ae68ac5474dcab122bd3aa1f1ee,250625010011354,test06277777,Withdraw,Completed,Ethereum,USDC,5.1,,2026-01-16 17:18:34.000,2026-01-16 17:21:20.327
2601161706220329132,0xc102a80bd0cb1aceb4b7539be5d3091d6699d0fdc0e342961e792d084bb50ab0,85260116100003122,tiongguan,Deposit,Completed,Ethereum,USDC,1.0,,2026-01-16 17:06:22.000,2026-01-16 17:06:23.901
2601161649070329129,0x35251f27e27eb5c56812d50e012368f43f23875fab2cf55997d502935acf9de0,85260116100003122,tiongguan,Deposit,Completed,Ethereum,USDC,0.0,,2026-01-16 16:49:07.000,2026-01-16 16:49:09.208
2601161640590329102,0xefcf66aaa29c245d6717b5762e558d2e63e804ab7aaa277b74815900e6512543,250625010011354,test06277777,Deposit,Risk Withheld,Ethereum,ETH,0.01,,2026-01-16 16:40:59.794,2026-01-16 16:40:59.834
2601161516440329076,0xca43acef8c5af3976208f0e34430b6f6e695fc4510b967f5130b7cb64adc57d5,250625010011354,test06277777,Deposit,Completed,Ethereum,USDC,2.3,,2026-01-16 15:16:44.000,2026-01-16 15:16:46.720
2601161510570329066,0xe80901fe4f2cd65d36bb1d1263b40efd37f9b2439f9164fedda834c4728e7276,250625010011354,test06277777,Withdraw,Completed,Ethereum,USDC,5.1,,2026-01-16 15:10:57.000,2026-01-16 15:13:42.349
2601161456370329050,,250625010011354,test06277777,Withdraw,Authorized,Ethereum,USDC,8.9,,2026-01-16 14:56:37.383,2026-01-16 14:56:39.309
2601161433200329042,0x743e9335de8563e0878cafb91d92037edfc545dd078f486f7e9d2431913c2476,260108140050581,JIN CONAN,Deposit,Completed,Ethereum,USDC,2.0,,2026-01-16 14:33:20.000,2026-01-16 14:33:22.684
2601161431300329025,0x98db84aaa41ca378532259eca3742d317400ad40c3835818d7566adc5a748068,250625010011354,test06277777,Withdraw,Completed,Ethereum,USDC,12.0,,2026-01-16 14:31:30.000,2026-01-16 14:34:05.947
2601161151370329002,,260108140050581,JIN CONAN,Withdraw,Processing,Ethereum,USDC,6.0,,2026-01-16 11:51:37.646,2026-01-16 11:51:41.068
2601151813240328974,0x81f9d592d9e64edb0705038493228cedbcbc1375e319c2f76299acac399410ee,260115170054573,YKZeroFiveFive Low,Satoshi Test,Completed,Ethereum,USDC,9.58,,2026-01-15 18:06:11.000,2026-01-15 18:13:24.863
2601151700300328965,0x785764fa73ba1e24a107125e2066939f26eb4e80a980c9be093820e6c8acfe7f,260115120053460,YKZeroSixNine Low,Deposit,Completed,Ethereum,USDC,1.5,,2026-01-15 17:00:30.540,2026-01-15 17:09:53.582
2601151654100328957,0xdacfa21a7637759a0451ae4f78048401a6e7611e4fc001a960b5c4b0f8ed4d68,8522120036,MIR test,Deposit,Completed,Ethereum,USDC,0.1,,2026-01-15 16:54:09.000,2026-01-15 16:54:11.708
2601151648590328936,,8522120036,MIR test,Withdraw,Authorized,Ethereum,USDC,132.0,,2026-01-15 16:48:59.890,2026-01-15 16:49:02.764
2601151634180328927,0x1b5e3d7a06cf953b29b9ef4f3f0f7e948529ccab91e4f49c2d65c288b2f9654d,260115120053460,YKZeroSixNine Low,Deposit,Completed,Ethereum,USDC,1.25,,2026-01-15 16:34:18.000,2026-01-15 16:34:20.333
2601141603550328895,,251119100038209,T0T1 test,Withdraw,Authorized,Ethereum,USDT,205.0,,2026-01-14 16:03:55.391,2026-01-14 16:03:57.178
2601131630220328870,,1712719194095,W A10,Withdraw,Processing,Ethereum,USDC,6.0,,2026-01-13 16:30:22.515,2026-01-13 16:30:25.026
2601131516370328844,,251219120046697,TT WANG2,Withdraw,Processing,Ethereum,USDC,20.0,,2026-01-13 15:16:37.666,2026-01-13 15:16:40.013
2601131011320328835,0x981e94756fd9fb0e7619a9912b7f58614a9138045efefdf9e8355497605b9e36,1712719194095,W A10,Deposit,Risk Withheld,Ethereum,USDC,10.0,,2026-01-13 10:11:32.817,2026-01-13 10:11:32.855
2601131008140328813,,8522120036,MIR test,Withdraw,Pending,Ethereum,USDT,1.0,,2026-01-13 10:08:14.763,2026-01-13 10:08:14.802
2601091528350328807,0x7f819c89bf653d729e14feaaaf7e2dc86816b6179df1bdf0f47a66f5075a248e,251219120046697,TT WANG2,Deposit,Completed,Ethereum,USDC,0.1,,2026-01-09 15:28:35.000,2026-01-09 15:28:36.980
2601091209270328780,,250526170007154,YAN JIAXIN 2,Withdraw,Authorized,BSC,USDT,6.0,,2026-01-09 12:09:27.147,2026-01-09 12:09:28.741
2601081734590328754,0x38c51912fb2b96ae01e50c961ae87de98d63c6df5635d9145c1aa0e37243e3ea,85251218170002781,testyk,Deposit,Risk Withheld,Ethereum,USDC,0.02,,2026-01-08 17:34:59.743,2026-01-08 17:34:59.788
2601081113520328737,0x06e0b402a3b389d677d383388f7dbd68b624e315d2082a02e90f3f121f78a8b9,250617110009953,Test Bravo,Deposit,Completed,Ethereum,USDC,0.25,,2026-01-08 11:13:52.000,2026-01-08 11:13:54.268
2601081107550328708,0x4fa065b33fa2bfa1e866d7c13763b0dd309b366aa2b1ef23996724dc91738506,250617110009953,Test Bravo,Deposit,Completed,Ethereum,USDC,0.15,,2026-01-08 11:07:55.000,2026-01-08 11:07:57.815
2601081055070328681,0x676b149fe6f4db9c0c075053a42ae80f220d472b017881937755a881c7359df1,250617110009953,Test Bravo,Deposit,Risk Withheld,Ethereum,USDC,0.5,,2026-01-08 10:55:07.920,2026-01-30 18:27:43.862
2601081043190328662,0xe70167496d75581052ced7d4b34a3ea11cfa7ed70bd7331fde4e4188e418f2e3,250617110009953,Test Bravo,Deposit,Risk Withheld,Ethereum,USDC,0.25,,2026-01-08 10:43:18.965,2026-01-30 18:27:44.521
2601071718000328643,,260107110050208,kenneth 001,Withdraw,Closed,Ethereum,USDT,6.0,,2026-01-07 17:18:00.000,2026-01-07 17:23:56.415
2601071108500328610,0xd785703c3d31da1dcea5597bd95e2807869034c46456f5d3b54275c5d0e1f6bb,85251125110002440,Angeline Business 2,Satoshi Test,Completed,Ethereum,USDC,3.01,,2026-01-07 11:08:49.919,2026-01-07 11:31:33.120
2601071106140328594,,85251125110002440,Angeline Business 2,Satoshi Test,Authorized,Ethereum,USDC,4.61,,2026-01-07 11:06:14.686,2026-01-07 11:06:14.746
2601071052030328582,,85251125110002440,Angeline Business 2,Satoshi Test,Authorized,Ethereum,USDC,3.96,,2026-01-07 10:52:03.923,2026-01-07 10:52:03.969
2601071039220328553,,85251125110002440,Angeline Business 2,Satoshi Test,Authorized,Ethereum,USDC,1.31,,2026-01-07 10:39:22.056,2026-01-07 10:39:22.095
2601071032430328548,,85251125110002440,Angeline Business 2,Satoshi Test,Authorized,Ethereum,USDC,8.23,,2026-01-07 10:32:43.326,2026-01-07 10:32:43.355
2601071028190328521,4d08e685a19706c3799dd65c217f335d9fd2d94ceec541d4508b57fb44014555,250508120006135,mock regtank passport,Deposit,Risk Withheld,BSC,USDC,40.0,,2026-01-07 10:28:18.983,2026-01-07 10:28:20.520
2601071027100328498,0x0c964e89d77fc759784d59643627decc176494c06df2144c7a4fec25df96ac99,85250902090001296,WSC Company,Satoshi Test,Completed,Ethereum,USDC,2.17,,2026-01-07 10:27:10.454,2026-01-07 10:30:36.060
2601071025420328469,,85250902090001296,WSC Company,Satoshi Test,Authorized,Ethereum,USDC,8.08,,2026-01-07 10:25:42.140,2026-01-07 10:25:42.184
2601062312440328455,0x0c22fd58435d2f7c9839954b53adfd8ad51203cb7dbeca290c93c70c704d7802,251021150028278,yt test 080,Deposit,Completed,Ethereum,USDC,1.0,,2026-01-06 23:12:44.000,2026-01-06 23:12:46.588
2601062250030328420,4d08e685a19706c3799dd65c217f335d9fd2d94ceec541d4508b57fb44014584,250508120006135,mock regtank passport,Deposit,Completed,BSC,USDC,40.0,,2026-01-06 22:50:03.000,2026-01-06 22:50:08.087
2601062231540328390,4d08e685a19706c3799dd65c217f335d9fd2d94ceec541d4508b57fb44014589,250508120006135,mock regtank passport,Deposit,Risk Withheld,BSC,USDC,40.0,,2026-01-06 22:31:54.500,2026-01-06 22:31:54.609
2601062158010328384,,85251125110002440,Angeline Business 2,Satoshi Test,Authorized,Ethereum,USDC,3.24,,2026-01-06 21:58:01.256,2026-01-06 21:58:01.311
2601062115260328351,,85251125110002440,Angeline Business 2,Satoshi Test,Authorized,Ethereum,USDC,1.74,,2026-01-06 21:15:26.266,2026-01-06 21:15:26.313
2601062059320328346,,85251125110002440,Angeline Business 2,Satoshi Test,Authorized,Ethereum,USDC,3.94,,2026-01-06 20:59:32.520,2026-01-06 20:59:32.549
2601062058540328310,,85251125110002440,Angeline Business 2,Satoshi Test,Authorized,Ethereum,USDC,4.95,,2026-01-06 20:58:54.233,2026-01-06 20:58:54.263
2601062058200328305,,85251125110002440,Angeline Business 2,Satoshi Test,Authorized,Ethereum,USDC,6.42,,2026-01-06 20:58:20.741,2026-01-06 20:58:20.770
2601062057490328274,,85251125110002440,Angeline Business 2,Satoshi Test,Authorized,Ethereum,USDC,9.73,,2026-01-06 20:57:49.074,2026-01-06 20:57:49.136
2601062057160328256,,85251125110002440,Angeline Business 2,Satoshi Test,Authorized,Ethereum,USDC,3.87,,2026-01-06 20:57:16.281,2026-01-06 20:57:16.309
2601062031000328245,,85251125110002440,Angeline Business 2,Satoshi Test,Authorized,Ethereum,USDC,2.2,,2026-01-06 20:31:00.462,2026-01-06 20:31:00.502
2601062030050328232,,85251125110002440,Angeline Business 2,Satoshi Test,Authorized,Ethereum,USDC,4.85,,2026-01-06 20:30:05.261,2026-01-06 20:30:05.293
2601062029100328202,,85251125110002440,Angeline Business 2,Satoshi Test,Authorized,Ethereum,USDC,9.56,,2026-01-06 20:29:10.795,2026-01-06 20:29:10.826
2601062028030328194,,85251125110002440,Angeline Business 2,Satoshi Test,Authorized,Ethereum,USDC,9.91,,2026-01-06 20:28:03.103,2026-01-06 20:28:03.150
2601062025540328168,,85251125110002440,Angeline Business 2,Satoshi Test,Authorized,Ethereum,USDC,1.82,,2026-01-06 20:25:54.730,2026-01-06 20:25:54.761
2601062025110328141,,85251125110002440,Angeline Business 2,Satoshi Test,Authorized,Ethereum,USDC,6.46,,2026-01-06 20:25:11.781,2026-01-06 20:25:11.820
2601062022000328121,,85251125110002440,Angeline Business 2,Satoshi Test,Authorized,Ethereum,USDC,2.34,,2026-01-06 20:22:00.779,2026-01-06 20:22:00.832
2601061935310328114,0x05690316af545f433a44949e87095a0964fda2ade68eba59057494b26828614e,251121110038996,Serena dtc,Satoshi Test,Completed,Ethereum,USDC,1.05,,2026-01-06 19:35:31.873,2026-01-06 19:56:19.535
2601061854270328089,,85251125110002440,Angeline Business 2,Satoshi Test,Authorized,Ethereum,USDC,5.89,,2026-01-06 18:54:27.447,2026-01-06 18:54:27.508
2601061850420328056,,85251125110002440,Angeline Business 2,Satoshi Test,Authorized,Ethereum,USDC,4.13,,2026-01-06 18:50:42.055,2026-01-06 18:50:42.084
2601061850130328046,,85251125110002440,Angeline Business 2,Satoshi Test,Authorized,Ethereum,USDC,8.65,,2026-01-06 18:50:13.561,2026-01-06 18:50:13.592
2601061826000328026,,85251125110002440,Angeline Business 2,Satoshi Test,Authorized,Ethereum,USDC,1.02,,2026-01-06 18:26:00.816,2026-01-06 18:26:00.850
2601061825190328004,,85251125110002440,Angeline Business 2,Satoshi Test,Authorized,Ethereum,USDC,9.72,,2026-01-06 18:25:19.902,2026-01-06 18:25:19.994
2601061824410327990,,85251125110002440,Angeline Business 2,Satoshi Test,Authorized,Ethereum,USDC,5.86,,2026-01-06 18:24:41.825,2026-01-06 18:24:41.906
2601061706510327985,,85251125110002440,Angeline Business 2,Satoshi Test,Authorized,Ethereum,USDC,0.75,,2026-01-06 17:06:51.793,2026-01-06 17:06:51.836
2601061706220327957,0x0737d053bce01a64a0982576c4139426c5252c58747c59036637fd74317b06b9,251121110038996,Serena dtc,Satoshi Test,Completed,Ethereum,USDC,5.24,,2026-01-06 16:58:22.000,2026-01-06 17:06:22.973
2601061645310327939,,250613140009419,SHIMUL MD IMAM JUED 000,Withdraw,Authorized,Ethereum,USDT,17.0,,2026-01-06 16:45:31.004,2026-01-06 16:45:32.284
2601061643210327914,,85251125110002440,Angeline Business 2,Satoshi Test,Authorized,Ethereum,USDC,2.55,,2026-01-06 16:43:21.472,2026-01-06 16:43:21.507
2601061634510327909,,85251125110002440,Angeline Business 2,Satoshi Test,Authorized,Ethereum,USDC,3.83,,2026-01-06 16:34:51.672,2026-01-06 16:34:51.932
2601061630350327873,,85251125110002440,Angeline Business 2,Satoshi Test,Authorized,Ethereum,USDC,8.53,,2026-01-06 16:30:34.988,2026-01-06 16:30:35.029
2601061549470327862,,85251125110002440,Angeline Business 2,Satoshi Test,Authorized,Ethereum,USDC,3.57,,2026-01-06 15:49:47.895,2026-01-06 15:49:47.927
2601061538040327845,,85251125110002440,Angeline Business 2,Satoshi Test,Authorized,Ethereum,USDC,4.4,,2026-01-06 15:38:04.658,2026-01-06 15:38:04.739
2601061447030327816,0xb09dd2c86fbd8d8a2f3e8f4de00fc4ca5ef1af7d8fbae3652051c06ba96734dd,251124180039572,KAI TESTT,Deposit,Risk Withheld,Ethereum,USDC,3.0,,2026-01-06 14:47:03.266,2026-01-06 14:47:03.308
2601061350190327785,0xb54ef22201546b0e77a0ac9dfc1267098804b92b6ea9a70a8c8f930dc8fb3c18,250722140013565,王可可,Deposit,Completed,Ethereum,USDC,1.2,,2026-01-06 13:50:19.000,2026-01-06 13:50:21.717
2601061337410327764,0x441a6e0010075fb0bbb43a6bd577b6590294992506b716c059b6665650ae330a,251124180039572,KAI TESTT,Deposit,Risk Withheld,Ethereum,USDC,2.0,,2026-01-06 13:37:41.734,2026-01-06 13:37:41.772
2601061108280327741,0x4a3eb7c69a5b1e56e7977fa76531146b488a2a0b5fb4247f50a11c88642e27f4,251121110038996,Serena dtc,Withdraw,Completed,Ethereum,USDC,6.0,,2026-01-06 11:08:27.000,2026-01-06 11:18:05.519
2601061031170327715,,251121110038996,Serena dtc,Withdraw,Authorized,Ethereum,WUSD,6.0,,2026-01-06 10:31:17.402,2026-01-06 10:31:18.850
2601051754260327706,0xbeca7fbca0c3ba2b5753530612b7e1dd998c90396ac58476ca8d97c2e9abfa75,251124180039572,KAI TESTT,Withdraw,Completed,Ethereum,USDC,8.0,,2026-01-05 17:54:26.000,2026-01-05 18:04:54.769
2601051751340327683,0xaf91273ea31cfe1137ccf7c7abbc0381eb3391c31c347ab056abc675cb3f4104,251124180039572,KAI TESTT,Deposit,Completed,Ethereum,USDC,2.0,,2026-01-05 17:51:33.000,2026-01-05 17:51:35.551
2601051637080327678,,251124180039572,KAI TESTT,Withdraw,Processing,Ethereum,USDC,12.0,,2026-01-05 16:37:08.773,2026-01-05 16:37:12.635
2601051628250327643,,251124180039572,KAI TESTT,Withdraw,Authorized,Tron,USDC,10.0,,2026-01-05 16:28:24.999,2026-01-05 16:28:26.379
2601051547100327635,,1736498735577,chu Chris,Withdraw,Processing,Ethereum,USDC,8.88,,2026-01-05 15:47:10.066,2026-01-05 15:47:12.819
2601051518210327621,0xa6067c42c31d4d9ad478ec005d622c7c47fc11de769a5eb33bc54e8230c69ab3,250507120005941,W A1,Withdraw,Completed,Ethereum,USDC,1.1,,2026-01-05 15:18:21.000,2026-01-05 15:38:32.320
2601051433280327614,0x6adc52aa9074b88c1c33103dce133dc75fcecbc5045b68a6b42c3aca2e4c7a7a,85251125110002460,KaichinBusiness,Deposit,Risk Withheld,Ethereum,USDC,2.0,,2026-01-05 14:33:28.200,2026-01-05 14:33:28.242
2601051342560327597,0x0f3df311898e9a0e4da79aa2ec2b9f178a0d8d5f2b7409fddf33492efa782fe3,85251125110002460,KaichinBusiness,Deposit,Completed,Ethereum,USDC,15.0,,2026-01-05 13:42:56.000,2026-01-05 13:42:58.699
2601051150330327564,,251121110038996,Serena dtc,Withdraw,Authorized,Ethereum,USDT,7.0,,2026-01-05 11:50:33.828,2026-01-05 11:50:34.876
2601051136240327536,,85251125110002460,KaichinBusiness,Withdraw,Processing,Ethereum,USDC,7.0,,2026-01-05 11:36:24.137,2026-01-05 11:36:27.548
2601051134290327509,0x8f0941fad2c2dc9038cc60cef32cc0edbb9113c5f26ec5a6f29bad2fc1775fe7,85251125110002460,KaichinBusiness,Deposit,Completed,Ethereum,USDC,10.0,,2026-01-05 11:34:29.000,2026-01-05 11:34:31.278
2601051111080327472,0xb362c3dc180e9dcc539aec3535296dfda54fa6459fee5c08a62181ff813236b1,85251125110002460,KaichinBusiness,Deposit,Completed,Ethereum,USDC,1.0,,2026-01-05 11:11:08.000,2026-01-05 11:11:11.295
2601051024420327440,0x0d5b53872a8a43701830f037511634dc1241e128cb975206820f2f63fadd4b0f,85251125110002460,KaichinBusiness,Deposit,Completed,Ethereum,USDC,1.5,,2026-01-05 10:24:41.000,2026-01-05 10:24:44.282
2601042144250327439,,251121110038996,Serena dtc,Withdraw,Authorized,Ethereum,WUSD,6.0,,2026-01-04 21:44:25.222,2026-01-04 21:44:26.538
2601042143000327418,,251121110038996,Serena dtc,Withdraw,Processing,Ethereum,USDC,15.0,,2026-01-04 21:43:00.695,2026-01-04 21:43:03.826
2601042133380327381,,8523110212,DTC(Test),Card Fee Credit,Completed,,USDC,2.01,Card Delivery Fee,2026-01-04 21:33:38.000,2026-01-04 21:37:45.395
2601042133360327379,,8522120036,MIR test,Card Fee Debit,Completed,,USDC,2.01,Card Delivery Fee,2026-01-04 21:33:36.000,2026-01-04 21:33:38.127
2601021802430327340,0x89d31ebd66dae549ba2eb120286b930e35c661598b1c02e64eda17750ec154a9,85251125110002460,KaichinBusiness,Deposit,Completed,Ethereum,USDC,1111.0,,2026-01-02 18:02:42.000,2026-01-02 18:02:44.930
2512311527050327325,,1740550558681,Michelle Huang,Withdraw,Closed,Ethereum,USDT,55.0,,2025-12-31 15:27:05.000,2026-01-20 14:39:09.823
2512291121570327319,,1740550558681,Michelle Huang,Withdraw,Closed,Ethereum,USDT,55.0,,2025-12-29 03:21:58.000,2026-01-20 14:39:21.023
2512291031290327286,,1740550558681,Michelle Huang,Withdraw,Closed,Ethereum,FDUSD,25.0,,2025-12-29 02:31:29.000,2026-01-20 14:39:33.353
2512221806560324714,4d08e685a19706c3799dd65c217f335d9fd2d94ceec541d4508b57fb44014666,8522120036,MIR test,Deposit,Risk Withheld,BSC,USDC,40.0,,2025-12-22 10:06:56.000,2026-02-03 11:44:10.130
2512091339080321925,0xd24e64d3049a08fb3d12d2651dca0badf397663da6a1870b57ec2d61d7266c8c,251112140035791,MYS Test,Deposit,Risk Withheld,Ethereum,USDC,1.5,,2025-12-09 05:39:08.000,2026-01-30 16:35:38.711
2512091157290321858,0x3e40984cfaf8daf05b0f5a34283103f3c2eb9d9035b61e12281dd8becd90472e,251112140035791,MYS Test,Deposit,Risk Withheld,Ethereum,USDC,1.41,,2025-12-09 03:57:30.000,2026-01-30 16:35:39.391
2511191730180318290,0x0e795b378c1d94150067bd426ffdb1fdaaaa101e32e4ef829994ddd62122851f,8522120036,MIR test,Deposit,Risk Withheld,Ethereum,USDC,10.0,,2025-11-19 09:30:19.000,2026-02-03 11:44:11.261
2511171552280317376,0x73661cd6901191583bc398fa9cbb611f96d82763f16fed81098e96d7acb43b18,1669025274037,mirya,Deposit,Risk Withheld,Ethereum,USDC,2.2,,2025-11-17 07:52:28.000,2026-02-02 11:52:39.995
2509021454160310523,0x4f5be2eb81a0ee9eadcdefdfa4bc0f557f7105fbb8b3cf2682c0b3557e407fec,1740362114659,Ichiko Jen,Deposit,Risk Withheld,Ethereum,USDC,2.0,,2025-09-02 06:54:17.000,2026-01-30 17:56:57.592
2507301525150306368,0x081741fc7559d385dfd8b69d6f38171ebaa6c995fb46df533282dec0b5c07fd1,1740975031694,Nu Nu,Deposit,Risk Withheld,Ethereum,USDC,0.01,,2025-07-30 07:25:15.000,2026-01-30 15:33:58.529
2507301419020306334,0x65e68cfa17cd508b6177fef34923f9167b1e30f92846b7b25bdb752f97e2c83f,1740975031694,Nu Nu,Deposit,Risk Withheld,Ethereum,USDC,5.0,,2025-07-30 06:19:03.000,2026-01-30 15:33:58.913
2507301417410306317,0xe98db63bd80f6d41ff08dfb11876ccdd18e5d12af7f7abdb0141676d29ca3659,1740975031694,Nu Nu,Deposit,Risk Withheld,Ethereum,USDC,5.0,,2025-07-30 06:17:41.000,2026-01-30 15:33:59.341
2504151414030300717,0xee1bf72c719022317a475c5cb4fdd93a40b9bd858f94082cac84d8ae61e39dd4,8522120036,MIR test,Deposit,Risk Withheld,Ethereum,USDC,6.66,,2025-04-15 06:14:04.000,2026-02-03 11:44:12.199
240423163815737,0x462b37df2ac415d5281f7f1ccc8409341c4627d231d9d3392e5f058909d98526,1669025274037,mirya,Deposit,Risk Withheld,Polygon,USDC,10.0,,2024-04-23 08:38:15.000,2026-02-02 11:52:40.810
240416160747612,0xa0679a83942cdadd88abfcaaba2ee5e81c9ff31754d74b4ec47bf5d685f4e61c,1669025274037,mirya,Deposit,Risk Withheld,Ethereum,USDT,1000.0,,2024-04-16 08:07:47.000,2026-02-02 11:52:41.268
240408155516786,0x95417bd4e5759d63a2495fa2946a2286657fefa1e739fc506a6d69c14d0215ca,1669025274037,mirya,Deposit,Risk Withheld,Ethereum,USDT,100.0,,2024-04-08 07:55:17.000,2026-02-02 11:52:41.669
230207133347248,0x512135dfa967c28c2becd6cad2124092a18e31cb04f8b7ab55b888bca884f457,1669025274037,mirya,Deposit,Risk Withheld,Ethereum,USDT,17.0,,2023-02-07 05:33:48.000,2026-02-02 11:52:42.177
230207133305247,0xf7ab460c92a8661cbf4acf39c2af2d9b87c0b905abe5ab81387483cfcede942a,1669025274037,mirya,Deposit,Risk Withheld,Ethereum,USDT,16.0,,2023-02-07 05:33:05.000,2026-02-02 11:52:43.320

